<?xml version="1.0" encoding="utf-8" ?>
<!-- Copyright 2017 ForgeFlow S.L.
     License AGPL-3.0 or later (http://www.gnu.org/licenses/agpl). -->
<odoo noupdate="1">
    <record id="seq_mrp_production_request" model="ir.sequence">
        <field name="name">Manufacturing Request</field>
        <field name="code">mrp.production.request</field>
        <field name="prefix">MR/%(range_year)s/</field>
        <field name="padding">5</field>
        <field name="company_id" eval="False" />
    </record>
</odoo>
